{
    "brim_type": "no_brim",
    "default_acceleration": "7500",
    "default_jerk": "0",
    "enable_overhang_speed": "0",
    "filename_format": "{input_filename_base}_{layer_height}mm_{filament_type[initial_tool]}_{print_time}.gcode",
    "from": "User",
    "infill_jerk": "2",
    "inherits": "0.20mm Standard (0.4 nozzle)",
    "initial_layer_acceleration": "500",
    "initial_layer_jerk": "2",
    "initial_layer_line_width": "0.5",
    "initial_layer_print_height": "0.25",
    "inner_wall_acceleration": "7500",
    "inner_wall_jerk": "2",
    "inner_wall_line_width": "0.45",
    "inner_wall_speed": "210",
    "internal_solid_infill_line_width": "0.42",
    "internal_solid_infill_speed": "250",
    "is_custom_defined": "0",
    "line_width": "0.42",
    "name": "0.20mm Standard (0.4 nozzle) - Copy",
    "outer_wall_acceleration": "7500",
    "outer_wall_jerk": "2",
    "outer_wall_line_width": "0.42",
    "outer_wall_speed": "210",
    "print_settings_id": "0.20mm Standard (0.4 nozzle) - Copy",
    "reduce_infill_retraction": "1",
    "resolution": "0.012",
    "seam_gap": "10%",
    "skirt_loops": "0",
    "sparse_infill_line_width": "0.45",
    "sparse_infill_speed": "250",
    "support_line_width": "0.42",
    "top_surface_jerk": "2",
    "top_surface_line_width": "0.42",
    "travel_acceleration": "7500",
    "travel_jerk": "2",
    "version": "1.4.5.0",
    "wall_loops": "3",
    "wipe_before_external_loop": "0",
    "wipe_on_loops": "0"
}
