{
    "compatible_printers": [
        "ZeroG Mercury One.1 370 (0.4 nozzle)"
    ],
    "enable_overhang_bridge_fan": [
        "0"
    ],
    "fan_max_speed": [
        "15"
    ],
    "fan_min_speed": [
        "15"
    ],
    "filament_settings_id": [
        "PLA Plus No Cooling"
    ],
    "from": "User",
    "inherits": "Generic PLA @System",
    "is_custom_defined": "0",
    "name": "PLA Plus No Cooling",
    "nozzle_temperature": [
        "230"
    ],
    "nozzle_temperature_initial_layer": [
        "230"
    ],
    "version": "2.3.0.3"
}
